{
	"class_name" : "PinholeCameraParameters",
	"extrinsic" : 
	[
		-0.70710678118654757,
		-0.0,
		-0.70710678118654757,
		0.0,
		0.70710678118654757,
		-0.0,
		-0.70710678118654757,
		0.0,
		0.0,
		-1.0,
		-0.0,
		0.0,
		-0.96620944414299892,
		3.1996500000000001,
		25.921326389450357,
		1.0
	],
	"intrinsic" : 
	{
		"height" : 1080,
		"intrinsic_matrix" : 
		[
			935.30743608719399,
			0.0,
			0.0,
			0.0,
			935.30743608719399,
			0.0,
			979.5,
			539.5,
			1.0
		],
		"width" : 1960
	},
	"version_major" : 1,
	"version_minor" : 0
}