resource,mean,sd,low,high
total,71.20908413,45.01772599,51.77702,143.451352
perch,16.77792097,18.92200678,9.666074,54.62193452